pct_tracts_covered,pct_pop_covered
4.477611940298507,3.8353140720279315
