pct_tracts_covered,pct_pop_covered
5.4274084124830395,4.861242689889245
